{"cameraMode":{"drawMode":0,"name":"Shaded","section":"Shading Mode"},"sceneLighting":false,"audioPlay":false,"sceneViewState":{"m_AlwaysRefresh":false,"showFog":true,"showSkybox":true,"showFlares":true,"showImageEffects":true,"showParticleSystems":true,"showVisualEffectGraphs":true,"m_FxEnabled":true},"in2DMode":false,"pivot":{"x":0.48838409781455996,"y":1.1855484247207642,"z":-6.718216419219971},"rotation":{"x":0.09018423408269882,"y":0.6328700184822083,"z":-0.07459166646003723,"w":0.7653988599777222},"size":3.199002265930176,"orthographic":false}