{"cameraMode":{"drawMode":0,"name":"Shaded","section":"Shading Mode"},"sceneLighting":false,"audioPlay":false,"sceneViewState":{"m_AlwaysRefresh":false,"showFog":true,"showSkybox":true,"showFlares":true,"showImageEffects":true,"showParticleSystems":true,"showVisualEffectGraphs":true,"m_FxEnabled":true},"in2DMode":false,"pivot":{"x":19.832521438598634,"y":-4.472829818725586,"z":-0.3200306296348572},"rotation":{"x":0.09095916152000427,"y":0.5183663964271545,"z":-0.055588193237781528,"w":0.8485210537910461},"size":15.024805068969727,"orthographic":false}