{"cameraMode":{"drawMode":0,"name":"Shaded","section":"Shading Mode"},"sceneLighting":false,"audioPlay":false,"sceneViewState":{"m_AlwaysRefresh":false,"showFog":true,"showSkybox":true,"showFlares":true,"showImageEffects":true,"showParticleSystems":true,"showVisualEffectGraphs":true,"m_FxEnabled":true},"in2DMode":false,"pivot":{"x":312.86761474609377,"y":21.264995574951173,"z":348.35260009765627},"rotation":{"x":0.09000612795352936,"y":-0.6846935153007507,"z":0.08557678014039993,"w":0.7183452844619751},"size":6.547476291656494,"orthographic":false}