{"cameraMode":{"drawMode":0,"name":"Shaded","section":"Shading Mode"},"sceneLighting":false,"audioPlay":false,"sceneViewState":{"m_AlwaysRefresh":false,"showFog":true,"showSkybox":true,"showFlares":true,"showImageEffects":true,"showParticleSystems":true,"showVisualEffectGraphs":true,"m_FxEnabled":true},"in2DMode":false,"pivot":{"x":316.17559814453127,"y":2.620716094970703,"z":401.59356689453127},"rotation":{"x":0.09000612795352936,"y":-0.6846935153007507,"z":0.08557678014039993,"w":0.7183452844619751},"size":78.46110534667969,"orthographic":false}