{"cameraMode":{"drawMode":0,"name":"Shaded","section":"Shading Mode"},"sceneLighting":false,"audioPlay":false,"sceneViewState":{"m_AlwaysRefresh":false,"showFog":true,"showSkybox":true,"showFlares":true,"showImageEffects":true,"showParticleSystems":true,"showVisualEffectGraphs":true,"m_FxEnabled":true},"in2DMode":false,"pivot":{"x":679.0953979492188,"y":440.2425537109375,"z":-12.4295654296875},"rotation":{"x":-0.008698231540620327,"y":-0.021595435217022897,"z":-0.00019123191304970533,"w":0.9997685551643372},"size":140.67742919921876,"orthographic":false}